User name,AWS access key,Event time,Event source,Event name,AWS region,Source IP address,User agent,Error code,Resources,Request ID,Event ID,Read-only,Event type,Recipient Account Id,Event category
CloudTrail,ASIAXFJCWKYXJMHK2UG7,2021-02-25T23:15:10Z,config.amazonaws.com,DescribeConfigurationRecorders,eu-west-1,109.77.89.116,"AWSCloudTrail, aws-internal/3 aws-sdk-java/1.11.952 Linux/4.9.230-0.1.ac.223.84.332.metal1.x86_64 OpenJDK_64-Bit_Server_VM/25.282-b08 java/1.8.0_282 vendor/Oracle_Corporation",AccessDenied,[],93ec58a3-95b5-4556-af74-91630817dfbb,89762be3-1de3-4905-bc3e-dd25cd8774e2,true,AwsApiCall,492383393326,Management
CloudTrail,ASIAXFJCWKYXJMHK2UG7,2021-02-25T23:14:52Z,config.amazonaws.com,DescribeConfigurationRecorders,eu-west-1,109.77.89.116,"AWSCloudTrail, aws-internal/3 aws-sdk-java/1.11.952 Linux/4.9.230-0.1.ac.223.84.332.metal1.x86_64 OpenJDK_64-Bit_Server_VM/25.282-b08 java/1.8.0_282 vendor/Oracle_Corporation",AccessDenied,[],851c50ad-8c19-4a2b-8b73-18e6e7cf5a77,3a0ef229-67b1-47d6-9c8d-2f6c2a502d56,true,AwsApiCall,492383393326,Management
CloudTrail,ASIAXFJCWKYXJMHK2UG7,2021-02-25T23:14:16Z,config.amazonaws.com,DescribeConfigurationRecorders,eu-west-1,109.77.89.116,"AWSCloudTrail, aws-internal/3 aws-sdk-java/1.11.952 Linux/4.9.230-0.1.ac.223.84.332.metal1.x86_64 OpenJDK_64-Bit_Server_VM/25.282-b08 java/1.8.0_282 vendor/Oracle_Corporation",AccessDenied,[],defaee8f-54f7-4464-a5cb-e74071954f28,f60dd583-4521-4447-a525-a15d1ba4868c,true,AwsApiCall,492383393326,Management
CloudTrail,ASIAXFJCWKYXJMHK2UG7,2021-02-25T23:14:13Z,config.amazonaws.com,DescribeConfigurationRecorders,eu-west-1,109.77.89.116,"AWSCloudTrail, aws-internal/3 aws-sdk-java/1.11.946 Linux/4.9.230-0.1.ac.223.84.332.metal1.x86_64 OpenJDK_64-Bit_Server_VM/25.282-b08 java/1.8.0_282 vendor/Oracle_Corporation",AccessDenied,[],77c66b4d-5278-479d-a023-ea732ff87b14,e450e335-6a8b-47bc-b6ae-4cc248147e70,true,AwsApiCall,492383393326,Management
CloudTrail,ASIAXFJCWKYXJMHK2UG7,2021-02-25T23:14:11Z,config.amazonaws.com,DescribeConfigurationRecorders,eu-west-1,109.77.89.116,"AWSCloudTrail, aws-internal/3 aws-sdk-java/1.11.946 Linux/4.9.230-0.1.ac.223.84.332.metal1.x86_64 OpenJDK_64-Bit_Server_VM/25.282-b08 java/1.8.0_282 vendor/Oracle_Corporation",AccessDenied,[],65609528-5300-41ec-aa7c-db9ee67cf757,d27d150d-e520-4535-ab18-bd8f456719c3,true,AwsApiCall,492383393326,Management
CloudTrail,ASIAXFJCWKYXJMHK2UG7,2021-02-25T23:13:06Z,config.amazonaws.com,DescribeConfigurationRecorders,eu-west-1,109.77.89.116,"AWSCloudTrail, aws-internal/3 aws-sdk-java/1.11.946 Linux/4.9.230-0.1.ac.223.84.332.metal1.x86_64 OpenJDK_64-Bit_Server_VM/25.282-b08 java/1.8.0_282 vendor/Oracle_Corporation",AccessDenied,[],875b4dbb-3879-49aa-bb53-210f70a3fbea,ffb0ce68-e328-48ab-9d01-5d15ca62f435,true,AwsApiCall,492383393326,Management
CloudTrail,ASIAXFJCWKYXJMHK2UG7,2021-02-25T23:12:38Z,config.amazonaws.com,DescribeConfigurationRecorders,eu-west-1,109.77.89.116,"AWSCloudTrail, aws-internal/3 aws-sdk-java/1.11.946 Linux/4.9.230-0.1.ac.223.84.332.metal1.x86_64 OpenJDK_64-Bit_Server_VM/25.282-b08 java/1.8.0_282 vendor/Oracle_Corporation",AccessDenied,[],18a4326b-313f-4717-b4e1-b859848263ae,86439479-fd7c-41c2-b13e-ac3abc860caa,true,AwsApiCall,492383393326,Management
CloudTrail,ASIAXFJCWKYXJMHK2UG7,2021-02-25T23:09:11Z,config.amazonaws.com,DescribeConfigurationRecorders,eu-west-1,109.77.89.116,"AWSCloudTrail, aws-internal/3 aws-sdk-java/1.11.946 Linux/4.9.230-0.1.ac.223.84.332.metal1.x86_64 OpenJDK_64-Bit_Server_VM/25.282-b08 java/1.8.0_282 vendor/Oracle_Corporation",AccessDenied,[],6f3164d9-3d8c-4d0a-b7d9-c774e948fa4c,6cb6fe48-84b4-41b4-9c48-28b23da37776,true,AwsApiCall,492383393326,Management
CloudTrail,ASIAXFJCWKYXJMHK2UG7,2021-02-25T23:07:12Z,cloudtrail.amazonaws.com,LookupEvents,eu-west-1,109.77.89.116,console.amazonaws.com,,[],780e210a-86c3-4afb-a4fd-6789e0461135,75264cb6-c06d-41ad-bebd-5001c3a825db,true,AwsApiCall,492383393326,Management
CloudTrail,ASIAXFJCWKYXJMHK2UG7,2021-02-25T23:06:43Z,cloudtrail.amazonaws.com,LookupEvents,eu-west-1,109.77.89.116,console.amazonaws.com,,[],ce0b71db-52e6-4160-b526-a4f1d2592f6d,48a66221-1bba-41cb-8615-8532ae9a2560,true,AwsApiCall,492383393326,Management
CloudTrail,ASIAXFJCWKYXJMHK2UG7,2021-02-25T23:06:42Z,config.amazonaws.com,DescribeConfigurationRecorders,eu-west-1,109.77.89.116,"AWSCloudTrail, aws-internal/3 aws-sdk-java/1.11.946 Linux/4.9.230-0.1.ac.223.84.332.metal1.x86_64 OpenJDK_64-Bit_Server_VM/25.282-b08 java/1.8.0_282 vendor/Oracle_Corporation",AccessDenied,[],b8552c8e-f07e-4e58-ae31-566c34eab912,207d0c8b-1441-4641-9401-62cba6b4c6ad,true,AwsApiCall,492383393326,Management
CloudTrail,ASIAXFJCWKYXJMHK2UG7,2021-02-25T23:06:31Z,cloudtrail.amazonaws.com,DescribeTrails,eu-west-1,109.77.89.116,console.amazonaws.com,,[],d0e84207-7293-4032-997d-7d839656b4de,20cf85df-1aa3-4dd1-a6ee-6416499e59fa,true,AwsApiCall,492383393326,Management
CloudTrail,ASIAXFJCWKYXJMHK2UG7,2021-02-25T23:06:31Z,cloudtrail.amazonaws.com,GetTrailStatus,eu-west-1,109.77.89.116,console.amazonaws.com,,[],b44f9dcf-ac6f-472d-8083-8a5c388eaa0d,83cbcda0-7ccf-4da3-84cc-a7b4589b25e1,true,AwsApiCall,492383393326,Management
CloudTrail,ASIAXFJCWKYXFNOXZP5F,2021-02-25T23:04:48Z,s3.amazonaws.com,GetBucketVersioning,eu-west-1,109.77.89.116,"[S3Console/0.4, aws-internal/3 aws-sdk-java/1.11.920 Linux/4.9.230-0.1.ac.224.84.332.metal1.x86_64 OpenJDK_64-Bit_Server_VM/25.275-b01 java/1.8.0_275 vendor/Oracle_Corporation]",AccessDenied,[],9FF229836AD19A38,bc43124f-9ee5-42e6-a42e-c6b10e95aa83,true,AwsApiCall,492383393326,Management
CloudTrail,ASIAXFJCWKYXFNOXZP5F,2021-02-25T23:04:45Z,s3.amazonaws.com,ListAccessPoints,eu-west-1,109.77.89.116,"[AWS Console S3, aws-internal/3 aws-sdk-java/1.11.920 Linux/4.9.230-0.1.ac.223.84.332.metal1.x86_64 OpenJDK_64-Bit_Server_VM/25.275-b01 java/1.8.0_275 vendor/Oracle_Corporation]",AccessDenied,[],44C51E8DF946D9A0,eecafe42-dd36-4eb8-a8ef-0c77bd72fbcf,true,AwsApiCall,492383393326,Management
CloudTrail,ASIAXFJCWKYXFNOXZP5F,2021-02-25T23:04:39Z,s3.amazonaws.com,GetBucketWebsite,eu-west-1,109.77.89.116,"[S3Console/0.4, aws-internal/3 aws-sdk-java/1.11.920 Linux/4.9.230-0.1.ac.224.84.332.metal1.x86_64 OpenJDK_64-Bit_Server_VM/25.275-b01 java/1.8.0_275 vendor/Oracle_Corporation]",AccessDenied,[],D83E955DEB932997,6d81ee69-e528-41af-8226-2fa3257e80ab,true,AwsApiCall,492383393326,Management
CloudTrail,ASIAXFJCWKYXFNOXZP5F,2021-02-25T23:04:39Z,s3.amazonaws.com,GetBucketPolicy,eu-west-1,109.77.89.116,"[S3Console/0.4, aws-internal/3 aws-sdk-java/1.11.920 Linux/4.9.230-0.1.ac.224.84.332.metal1.x86_64 OpenJDK_64-Bit_Server_VM/25.275-b01 java/1.8.0_275 vendor/Oracle_Corporation]",,[],872372A003FEDBE9,95d8578d-2537-4cc7-b77a-cb54b2800a1c,true,AwsApiCall,492383393326,Management
CloudTrail,ASIAXFJCWKYXFNOXZP5F,2021-02-25T23:04:39Z,s3.amazonaws.com,GetBucketVersioning,eu-west-1,109.77.89.116,"[S3Console/0.4, aws-internal/3 aws-sdk-java/1.11.920 Linux/4.9.230-0.1.ac.223.84.332.metal1.x86_64 OpenJDK_64-Bit_Server_VM/25.275-b01 java/1.8.0_275 vendor/Oracle_Corporation]",AccessDenied,[],BA2E3040F0A4BF24,c64d75d5-a80a-4ca1-bcf5-f220a0256bde,true,AwsApiCall,492383393326,Management
CloudTrail,ASIAXFJCWKYXFNOXZP5F,2021-02-25T23:04:39Z,s3.amazonaws.com,ListAccessPoints,eu-west-1,109.77.89.116,"[S3Console/0.4, aws-internal/3 aws-sdk-java/1.11.920 Linux/4.9.230-0.1.ac.224.84.332.metal1.x86_64 OpenJDK_64-Bit_Server_VM/25.275-b01 java/1.8.0_275 vendor/Oracle_Corporation]",AccessDenied,[],C672316650D49F2C,cdc62801-4be9-4ddd-8d92-6e85955e3027,true,AwsApiCall,492383393326,Management
CloudTrail,ASIAXFJCWKYXFNOXZP5F,2021-02-25T23:04:39Z,s3.amazonaws.com,GetAccountPublicAccessBlock,eu-west-1,109.77.89.116,"[S3Console/0.4, aws-internal/3 aws-sdk-java/1.11.920 Linux/4.9.230-0.1.ac.223.84.332.metal1.x86_64 OpenJDK_64-Bit_Server_VM/25.275-b01 java/1.8.0_275 vendor/Oracle_Corporation]",AccessDenied,[],4E11073A6A8E10D6,dd240c79-e299-45db-b89c-ba768d2ef20d,true,AwsApiCall,492383393326,Management
CloudTrail,ASIAXFJCWKYXFNOXZP5F,2021-02-25T23:04:25Z,s3.amazonaws.com,GetAccountPublicAccessBlock,eu-west-1,109.77.89.116,"[S3Console/0.4, aws-internal/3 aws-sdk-java/1.11.920 Linux/4.9.230-0.1.ac.224.84.332.metal1.x86_64 OpenJDK_64-Bit_Server_VM/25.275-b01 java/1.8.0_275 vendor/Oracle_Corporation]",AccessDenied,[],E9AFE2960DC193D7,e1e5e5bd-6f6e-4980-a2ac-87562ce1c517,true,AwsApiCall,492383393326,Management
CloudTrail,ASIAXFJCWKYXFNOXZP5F,2021-02-25T23:04:20Z,s3.amazonaws.com,GetAccountPublicAccessBlock,eu-west-1,109.77.89.116,"[S3Console/0.4, aws-internal/3 aws-sdk-java/1.11.920 Linux/4.9.230-0.1.ac.223.84.332.metal1.x86_64 OpenJDK_64-Bit_Server_VM/25.275-b01 java/1.8.0_275 vendor/Oracle_Corporation]",AccessDenied,[],1A53F1E7C2104EB4,452f898b-b0f2-423a-acb5-cee86c044679,true,AwsApiCall,492383393326,Management
CloudTrail,ASIAXFJCWKYXFNOXZP5F,2021-02-25T23:04:20Z,s3.amazonaws.com,GetAccountPublicAccessBlock,eu-west-1,109.77.89.116,"[S3Console/0.4, aws-internal/3 aws-sdk-java/1.11.920 Linux/4.9.230-0.1.ac.224.84.332.metal1.x86_64 OpenJDK_64-Bit_Server_VM/25.275-b01 java/1.8.0_275 vendor/Oracle_Corporation]",AccessDenied,[],33BF996CFDBC9C48,50dbbf9f-7350-4ba1-9049-7339739bac38,true,AwsApiCall,492383393326,Management
CloudTrail,ASIAXFJCWKYXFNOXZP5F,2021-02-25T23:04:16Z,s3.amazonaws.com,GetAccountPublicAccessBlock,eu-west-1,109.77.89.116,"[S3Console/0.4, aws-internal/3 aws-sdk-java/1.11.920 Linux/4.9.230-0.1.ac.224.84.332.metal1.x86_64 OpenJDK_64-Bit_Server_VM/25.275-b01 java/1.8.0_275 vendor/Oracle_Corporation]",AccessDenied,[],7152EA3F517BD42D,215fe0e9-2542-4607-8c9d-3312e0d47a79,true,AwsApiCall,492383393326,Management
CloudTrail,ASIAXFJCWKYXFNOXZP5F,2021-02-25T23:04:15Z,s3.amazonaws.com,GetBucketPolicy,eu-west-1,109.77.89.116,"[S3Console/0.4, aws-internal/3 aws-sdk-java/1.11.920 Linux/4.9.230-0.1.ac.223.84.332.metal1.x86_64 OpenJDK_64-Bit_Server_VM/25.275-b01 java/1.8.0_275 vendor/Oracle_Corporation]",,[],EC592CB848931421,1f8d81aa-bcd0-4717-9c7b-752b5ad13cb2,true,AwsApiCall,492383393326,Management
CloudTrail,ASIAXFJCWKYXFNOXZP5F,2021-02-25T23:04:15Z,s3.amazonaws.com,ListAccessPoints,eu-west-1,109.77.89.116,"[S3Console/0.4, aws-internal/3 aws-sdk-java/1.11.920 Linux/4.9.230-0.1.ac.223.84.332.metal1.x86_64 OpenJDK_64-Bit_Server_VM/25.275-b01 java/1.8.0_275 vendor/Oracle_Corporation]",AccessDenied,[],8C99E5D4C8C25DF4,69fdaaf8-bd50-4753-ac1f-b31f64aa112c,true,AwsApiCall,492383393326,Management
CloudTrail,ASIAXFJCWKYXFNOXZP5F,2021-02-25T23:04:15Z,s3.amazonaws.com,GetBucketVersioning,eu-west-1,109.77.89.116,"[S3Console/0.4, aws-internal/3 aws-sdk-java/1.11.920 Linux/4.9.230-0.1.ac.223.84.332.metal1.x86_64 OpenJDK_64-Bit_Server_VM/25.275-b01 java/1.8.0_275 vendor/Oracle_Corporation]",AccessDenied,[],F9D40117FE504221,b6612908-ef46-40f0-b9c9-2756fb73c746,true,AwsApiCall,492383393326,Management
CloudTrail,ASIAXFJCWKYXFNOXZP5F,2021-02-25T23:04:15Z,s3.amazonaws.com,GetBucketWebsite,eu-west-1,109.77.89.116,"[S3Console/0.4, aws-internal/3 aws-sdk-java/1.11.920 Linux/4.9.230-0.1.ac.223.84.332.metal1.x86_64 OpenJDK_64-Bit_Server_VM/25.275-b01 java/1.8.0_275 vendor/Oracle_Corporation]",AccessDenied,[],03BE4B65DDB1434A,c4d97df9-11eb-406f-a156-cf0ef9e903a9,true,AwsApiCall,492383393326,Management
CloudTrail,ASIAXFJCWKYXFNOXZP5F,2021-02-25T22:53:34Z,s3.amazonaws.com,GetBucketVersioning,eu-west-1,109.77.89.116,"[S3Console/0.4, aws-internal/3 aws-sdk-java/1.11.920 Linux/4.9.230-0.1.ac.223.84.332.metal1.x86_64 OpenJDK_64-Bit_Server_VM/25.275-b01 java/1.8.0_275 vendor/Oracle_Corporation]",AccessDenied,[],F5DD552011446D4E,f80f250f-2297-4bb3-b53d-5445fb1fb411,true,AwsApiCall,492383393326,Management
CloudTrail,ASIAXFJCWKYXFNOXZP5F,2021-02-25T22:49:46Z,s3.amazonaws.com,ListAccessPoints,eu-west-1,109.77.89.116,"[S3Console/0.4, aws-internal/3 aws-sdk-java/1.11.920 Linux/4.9.230-0.1.ac.224.84.332.metal1.x86_64 OpenJDK_64-Bit_Server_VM/25.275-b01 java/1.8.0_275 vendor/Oracle_Corporation]",AccessDenied,[],2F5A06E0B4965101,5336dccc-ad2a-441f-8b70-5d07326c61ab,true,AwsApiCall,492383393326,Management
CloudTrail,ASIAXFJCWKYXFNOXZP5F,2021-02-25T22:49:46Z,s3.amazonaws.com,GetAccountPublicAccessBlock,eu-west-1,109.77.89.116,"[S3Console/0.4, aws-internal/3 aws-sdk-java/1.11.920 Linux/4.9.230-0.1.ac.224.84.332.metal1.x86_64 OpenJDK_64-Bit_Server_VM/25.275-b01 java/1.8.0_275 vendor/Oracle_Corporation]",AccessDenied,[],F36993F8FD76BE28,564dcb44-164a-4945-963f-03999c0c7e58,true,AwsApiCall,492383393326,Management
CloudTrail,ASIAXFJCWKYXFNOXZP5F,2021-02-25T22:49:46Z,s3.amazonaws.com,GetBucketPolicy,eu-west-1,109.77.89.116,"[S3Console/0.4, aws-internal/3 aws-sdk-java/1.11.920 Linux/4.9.230-0.1.ac.224.84.332.metal1.x86_64 OpenJDK_64-Bit_Server_VM/25.275-b01 java/1.8.0_275 vendor/Oracle_Corporation]",,[],0859F37909983C92,58dd7459-9906-4ec9-b6e0-8e8ff2c9e7a0,true,AwsApiCall,492383393326,Management
CloudTrail,ASIAXFJCWKYXFNOXZP5F,2021-02-25T22:49:46Z,s3.amazonaws.com,GetBucketWebsite,eu-west-1,109.77.89.116,"[S3Console/0.4, aws-internal/3 aws-sdk-java/1.11.920 Linux/4.9.230-0.1.ac.224.84.332.metal1.x86_64 OpenJDK_64-Bit_Server_VM/25.275-b01 java/1.8.0_275 vendor/Oracle_Corporation]",AccessDenied,[],73F37AC1AAA23A5B,946d028a-39aa-446e-b743-d20edcede6d5,true,AwsApiCall,492383393326,Management
CloudTrail,ASIAXFJCWKYXFNOXZP5F,2021-02-25T22:49:46Z,s3.amazonaws.com,GetBucketVersioning,eu-west-1,109.77.89.116,"[S3Console/0.4, aws-internal/3 aws-sdk-java/1.11.920 Linux/4.9.230-0.1.ac.224.84.332.metal1.x86_64 OpenJDK_64-Bit_Server_VM/25.275-b01 java/1.8.0_275 vendor/Oracle_Corporation]",AccessDenied,[],6FE034D8C7F8F194,cdb7515a-c75c-427e-9589-d7bf3e2ac5cc,true,AwsApiCall,492383393326,Management
CloudTrail,ASIAXFJCWKYXFNOXZP5F,2021-02-25T22:49:14Z,s3.amazonaws.com,GetAccountPublicAccessBlock,eu-west-1,109.77.89.116,"[S3Console/0.4, aws-internal/3 aws-sdk-java/1.11.920 Linux/4.9.230-0.1.ac.224.84.332.metal1.x86_64 OpenJDK_64-Bit_Server_VM/25.275-b01 java/1.8.0_275 vendor/Oracle_Corporation]",AccessDenied,[],BDF4CA861CEB85FD,0c6c8c31-bfac-4f61-977e-72a53e228cb0,true,AwsApiCall,492383393326,Management
CloudTrail,ASIAXFJCWKYXJMHK2UG7,2021-02-25T22:48:20Z,cloudtrail.amazonaws.com,DescribeTrails,eu-west-1,109.77.89.116,console.amazonaws.com,,[],1437d2dd-0efd-4054-ba23-46f8f261d8c3,2b53c9aa-04e1-4d12-b0d8-6b674077de3c,true,AwsApiCall,492383393326,Management
CloudTrail,ASIAXFJCWKYXJMHK2UG7,2021-02-25T22:48:20Z,cloudtrail.amazonaws.com,GetInsightSelectors,eu-west-1,109.77.89.116,console.amazonaws.com,InsightNotEnabledException,[],58731e8f-857b-49e7-bd5f-74916d6e1e13,3447bf0d-7c31-4531-b597-485345593c33,true,AwsApiCall,492383393326,Management
CloudTrail,ASIAXFJCWKYXJMHK2UG7,2021-02-25T22:48:20Z,cloudtrail.amazonaws.com,ListTags,eu-west-1,109.77.89.116,console.amazonaws.com,,[],57d716fd-8983-4a18-9d48-d1aedd00a590,37fb1097-8c8a-413a-a670-cbcbb9db2b95,true,AwsApiCall,492383393326,Management
CloudTrail,ASIAXFJCWKYXJMHK2UG7,2021-02-25T22:48:20Z,cloudtrail.amazonaws.com,GetTrailStatus,eu-west-1,109.77.89.116,console.amazonaws.com,,[],0b405fc4-596d-4ea6-9fea-2ec31e2f72f0,7d6ef218-e9d3-4dad-8508-e7171abbabfd,true,AwsApiCall,492383393326,Management
CloudTrail,ASIAXFJCWKYXJMHK2UG7,2021-02-25T22:48:20Z,cloudtrail.amazonaws.com,GetEventSelectors,eu-west-1,109.77.89.116,console.amazonaws.com,,[],5f6062d1-9067-4dba-be7a-a1481a338e24,fc383465-4be1-4e99-86d8-5ccd1951eeb0,true,AwsApiCall,492383393326,Management
CloudTrail,ASIAXFJCWKYXJMHK2UG7,2021-02-25T22:48:19Z,cloudtrail.amazonaws.com,UpdateTrail,eu-west-1,109.77.89.116,console.amazonaws.com,,"[{""resourceType"":""AWS::CloudTrail::Trail"",""resourceName"":""Udacity_Trail""},{""resourceType"":""AWS::CloudTrail::Trail"",""resourceName"":""arn:aws:cloudtrail:eu-west-1:492383393326:trail/Udacity_Trail""},{""resourceType"":""AWS::S3::Bucket"",""resourceName"":""aws-cloudtrail-logs-492383393326-14f178ad""}]",f236ebfb-f981-4560-8b28-d3eda416c4b0,15cfa6ba-ecaf-41d1-befc-66ff7f109a73,false,AwsApiCall,492383393326,Management
CloudTrail,ASIAXFJCWKYXJMHK2UG7,2021-02-25T22:48:19Z,cloudtrail.amazonaws.com,PutEventSelectors,eu-west-1,109.77.89.116,console.amazonaws.com,,"[{""resourceType"":""AWS::CloudTrail::Trail"",""resourceName"":""arn:aws:cloudtrail:eu-west-1:492383393326:trail/Udacity_Trail""}]",d4914d0a-cd1b-44d1-8177-0a88eeb88ba6,20aacab0-f244-41e2-ad34-2e6607330d7b,false,AwsApiCall,492383393326,Management
CloudTrail,ASIAXFJCWKYXJMHK2UG7,2021-02-25T22:48:19Z,cloudtrail.amazonaws.com,PutInsightSelectors,eu-west-1,109.77.89.116,console.amazonaws.com,,"[{""resourceType"":""AWS::CloudTrail::Trail"",""resourceName"":""arn:aws:cloudtrail:eu-west-1:492383393326:trail/Udacity_Trail""}]",3ed2e36d-c28c-496c-b1d7-96301e72bccd,9c009a1a-2a27-4e5e-aa84-3133ed24f4f4,false,AwsApiCall,492383393326,Management
CloudTrail,ASIAJF7AWLI2ZOOVXGDA,2021-02-25T22:47:11Z,kms.amazonaws.com,Decrypt,eu-west-1,lambda.amazonaws.com,lambda.amazonaws.com,,[],a0be03f1-cb55-4b89-b96c-51994aef74fc,09bc1805-58b2-46e1-85a6-7f90656b7ebb,true,AwsApiCall,492383393326,Management
CloudTrail,ASIAJF7AWLI2ZOOVXGDA,2021-02-25T22:47:11Z,kms.amazonaws.com,Decrypt,eu-west-1,lambda.amazonaws.com,lambda.amazonaws.com,,[],ba9e48ae-37e8-4cb0-a4df-749290450720,0d4a2a75-88fb-4407-aad5-9152afe7d6c7,true,AwsApiCall,492383393326,Management
CloudTrail,ASIAJF7AWLI2ZOOVXGDA,2021-02-25T22:47:11Z,kms.amazonaws.com,Decrypt,eu-west-1,lambda.amazonaws.com,lambda.amazonaws.com,,[],ce4916c9-98c7-41b9-beb0-1bffdec39d04,4e4c7249-70c2-459e-a74b-e77a4511b060,true,AwsApiCall,492383393326,Management
CloudTrail,ASIAJF7AWLI2ZOOVXGDA,2021-02-25T22:47:11Z,kms.amazonaws.com,Decrypt,eu-west-1,lambda.amazonaws.com,lambda.amazonaws.com,,[],2bad7c19-5ace-4688-9e0f-835b5f5bdbda,66179c1c-b18a-434b-b2f4-cfea099852e5,true,AwsApiCall,492383393326,Management
CloudTrail,ASIAXFJCWKYXJMHK2UG7,2021-02-25T22:47:11Z,lambda.amazonaws.com,ListFunctions20150331,eu-west-1,109.77.89.116,console.amazonaws.com,,[],f17c9a61-72aa-42d7-ad7d-7a7c86c01460,6f5d48f5-6d65-4cbd-b16c-4b9b257cc4dd,true,AwsApiCall,492383393326,Management
CloudTrail,ASIAJF7AWLI2ZOOVXGDA,2021-02-25T22:47:08Z,kms.amazonaws.com,Decrypt,eu-west-1,lambda.amazonaws.com,lambda.amazonaws.com,,[],da96ce65-f860-4e4b-bfcd-8a871ae37c9e,51c9c454-d660-4ab6-b298-b5fe5891badc,true,AwsApiCall,492383393326,Management
CloudTrail,ASIAJF7AWLI2ZOOVXGDA,2021-02-25T22:47:08Z,kms.amazonaws.com,Decrypt,eu-west-1,lambda.amazonaws.com,lambda.amazonaws.com,,[],927da156-33f2-44f0-a09d-e39e6966abd8,54440963-9d9c-4098-b98b-f33782c235a9,true,AwsApiCall,492383393326,Management
CloudTrail,ASIAJF7AWLI2ZOOVXGDA,2021-02-25T22:47:08Z,kms.amazonaws.com,Decrypt,eu-west-1,lambda.amazonaws.com,lambda.amazonaws.com,,[],f7c76f0b-11c8-4f04-a65c-e34c8175afac,74a92561-85d6-4b3f-8ddc-aad3abf9cdb5,true,AwsApiCall,492383393326,Management
CloudTrail,ASIAXFJCWKYXJMHK2UG7,2021-02-25T22:47:08Z,lambda.amazonaws.com,ListFunctions20150331,eu-west-1,109.77.89.116,console.amazonaws.com,,[],72dd8e8d-1a84-45a3-84e1-28ed44b85bad,77efe9b2-5000-49c6-81cd-11a61a0f3ee5,true,AwsApiCall,492383393326,Management
CloudTrail,ASIAXFJCWKYXJMHK2UG7,2021-02-25T22:47:08Z,cloudtrail.amazonaws.com,GetEventSelectors,eu-west-1,109.77.89.116,console.amazonaws.com,,[],8956e2e8-298b-442b-a6f8-f69e368a9476,b0693602-0f7f-4946-95af-a5b403402c1e,true,AwsApiCall,492383393326,Management
CloudTrail,ASIAXFJCWKYXJMHK2UG7,2021-02-25T22:47:08Z,cloudtrail.amazonaws.com,GetInsightSelectors,eu-west-1,109.77.89.116,console.amazonaws.com,InsightNotEnabledException,[],10ac0c8c-2076-4775-99a2-45db19b9c1eb,b65724e3-eece-479a-8c0f-69d0eebaa391,true,AwsApiCall,492383393326,Management
CloudTrail,ASIAJF7AWLI2ZOOVXGDA,2021-02-25T22:47:08Z,kms.amazonaws.com,Decrypt,eu-west-1,lambda.amazonaws.com,lambda.amazonaws.com,,[],bc6a67d8-8acf-4369-8b6f-abae83a125df,c2cee164-0723-4fc0-9937-96f8c9132da6,true,AwsApiCall,492383393326,Management
CloudTrail,ASIAXFJCWKYXJMHK2UG7,2021-02-25T22:47:08Z,cloudtrail.amazonaws.com,GetEventSelectors,eu-west-1,109.77.89.116,console.amazonaws.com,,[],12cbb6a4-5d94-44a5-8aeb-e0f064802aab,e01c93b1-ce94-42c8-bed3-0a684819d532,true,AwsApiCall,492383393326,Management
CloudTrail,ASIAXFJCWKYXJMHK2UG7,2021-02-25T22:46:44Z,cloudtrail.amazonaws.com,ListTags,eu-west-1,109.77.89.116,console.amazonaws.com,,[],e1d19d2c-e3c8-4c29-85e3-7557a72c5547,1e015595-4229-4fe9-a947-e87f81776ab0,true,AwsApiCall,492383393326,Management
CloudTrail,ASIAXFJCWKYXJMHK2UG7,2021-02-25T22:46:44Z,cloudtrail.amazonaws.com,PutEventSelectors,eu-west-1,109.77.89.116,console.amazonaws.com,,"[{""resourceType"":""AWS::CloudTrail::Trail"",""resourceName"":""arn:aws:cloudtrail:eu-west-1:492383393326:trail/Udacity_Trail""}]",c6695092-f6b3-4634-97ce-3b5e06a19cfd,20a422ff-f772-42bc-b285-921d0612f19f,false,AwsApiCall,492383393326,Management
CloudTrail,ASIAXFJCWKYXJMHK2UG7,2021-02-25T22:46:44Z,cloudtrail.amazonaws.com,UpdateTrail,eu-west-1,109.77.89.116,console.amazonaws.com,,"[{""resourceType"":""AWS::CloudTrail::Trail"",""resourceName"":""Udacity_Trail""},{""resourceType"":""AWS::CloudTrail::Trail"",""resourceName"":""arn:aws:cloudtrail:eu-west-1:492383393326:trail/Udacity_Trail""},{""resourceType"":""AWS::S3::Bucket"",""resourceName"":""aws-cloudtrail-logs-492383393326-14f178ad""}]",7deca00f-6868-498d-a47d-8dd155e85b22,2affc03d-c3cf-4ee0-a3ea-e327df1460e9,false,AwsApiCall,492383393326,Management
CloudTrail,ASIAXFJCWKYXJMHK2UG7,2021-02-25T22:46:44Z,cloudtrail.amazonaws.com,GetInsightSelectors,eu-west-1,109.77.89.116,console.amazonaws.com,InsightNotEnabledException,[],78de7bf5-dca3-4683-90f1-b6eb152309c8,2dd2095a-14df-43a1-8f6e-7d7735d4be19,true,AwsApiCall,492383393326,Management
CloudTrail,ASIAXFJCWKYXJMHK2UG7,2021-02-25T22:46:44Z,cloudtrail.amazonaws.com,DescribeTrails,eu-west-1,109.77.89.116,console.amazonaws.com,,[],5f4b9046-b176-4ec1-abfa-7aec18bf93da,4b44a40c-9577-4059-9a42-c76e18ef03c0,true,AwsApiCall,492383393326,Management
CloudTrail,ASIAXFJCWKYXJMHK2UG7,2021-02-25T22:46:44Z,cloudtrail.amazonaws.com,GetEventSelectors,eu-west-1,109.77.89.116,console.amazonaws.com,,[],9166d4d8-3b00-4a13-bba6-53fd8ef52971,6ee82147-85a0-4f61-ae99-7bbe540f3413,true,AwsApiCall,492383393326,Management
CloudTrail,ASIAXFJCWKYXJMHK2UG7,2021-02-25T22:46:44Z,cloudtrail.amazonaws.com,GetTrailStatus,eu-west-1,109.77.89.116,console.amazonaws.com,,[],fdc6d2c3-15e5-468a-8847-c217e63b4df5,90fc6f35-0836-4d7b-92d8-e2d033c5ef9a,true,AwsApiCall,492383393326,Management
CloudTrail,ASIAXFJCWKYXJMHK2UG7,2021-02-25T22:46:44Z,cloudtrail.amazonaws.com,PutInsightSelectors,eu-west-1,109.77.89.116,console.amazonaws.com,,"[{""resourceType"":""AWS::CloudTrail::Trail"",""resourceName"":""arn:aws:cloudtrail:eu-west-1:492383393326:trail/Udacity_Trail""}]",d61ed595-dc77-4dec-91fe-3219b38a11be,9ddfe0c2-c160-42c9-b82c-ed90923ac2fc,false,AwsApiCall,492383393326,Management
CloudTrail,ASIAXFJCWKYXJMHK2UG7,2021-02-25T22:46:27Z,cloudtrail.amazonaws.com,GetEventSelectors,eu-west-1,109.77.89.116,console.amazonaws.com,,[],ff6661fa-9155-41bd-bc43-d2aaa7300cf4,0eca722f-5312-4d5d-af62-db67b5e5cfc3,true,AwsApiCall,492383393326,Management
CloudTrail,ASIAJF7AWLI2ZOOVXGDA,2021-02-25T22:46:27Z,kms.amazonaws.com,Decrypt,eu-west-1,lambda.amazonaws.com,lambda.amazonaws.com,,[],95aef8e2-c4be-4749-af83-0658c67b7c2b,13b5310c-eba0-46a3-99e7-a75b9700514f,true,AwsApiCall,492383393326,Management
CloudTrail,ASIAXFJCWKYXJMHK2UG7,2021-02-25T22:46:27Z,cloudtrail.amazonaws.com,GetEventSelectors,eu-west-1,109.77.89.116,console.amazonaws.com,,[],36cc9a7f-eef8-4733-abc8-bb0a414a866b,1619cbbb-fcc8-4556-9b95-94abc6c98cf6,true,AwsApiCall,492383393326,Management
CloudTrail,ASIAXFJCWKYXJMHK2UG7,2021-02-25T22:46:27Z,cloudtrail.amazonaws.com,GetTrailStatus,eu-west-1,109.77.89.116,console.amazonaws.com,,[],38a41ffe-fffb-4469-b609-a32d87c08661,2a270fcb-2d21-4d4b-8f25-82034fffc018,true,AwsApiCall,492383393326,Management
CloudTrail,ASIAXFJCWKYXJMHK2UG7,2021-02-25T22:46:27Z,cloudtrail.amazonaws.com,GetInsightSelectors,eu-west-1,109.77.89.116,console.amazonaws.com,InsightNotEnabledException,[],842552cb-237f-4f18-b327-dff1fffe54f8,380a6ae7-573c-4b59-bc59-1bbbd92fce17,true,AwsApiCall,492383393326,Management
CloudTrail,ASIAXFJCWKYXJMHK2UG7,2021-02-25T22:46:27Z,cloudtrail.amazonaws.com,DescribeTrails,eu-west-1,109.77.89.116,console.amazonaws.com,,[],cec56a7c-7384-4408-a545-0bd56577832c,65a4ce50-1b9f-4108-9945-35869993b9d0,true,AwsApiCall,492383393326,Management
CloudTrail,ASIAJF7AWLI2ZOOVXGDA,2021-02-25T22:46:27Z,kms.amazonaws.com,Decrypt,eu-west-1,lambda.amazonaws.com,lambda.amazonaws.com,,[],3594e2b8-3e31-4e4b-8acf-dd05de6a303f,7341fc00-d435-4a50-b4fe-d923222b35ff,true,AwsApiCall,492383393326,Management
CloudTrail,ASIAJF7AWLI2ZOOVXGDA,2021-02-25T22:46:27Z,kms.amazonaws.com,Decrypt,eu-west-1,lambda.amazonaws.com,lambda.amazonaws.com,,[],6e720ef7-2c0d-4ed3-bd53-f4f0d0b68fa7,7d2e9343-2856-4cca-9412-8689f9acf572,true,AwsApiCall,492383393326,Management
CloudTrail,ASIAJF7AWLI2ZOOVXGDA,2021-02-25T22:46:27Z,kms.amazonaws.com,Decrypt,eu-west-1,lambda.amazonaws.com,lambda.amazonaws.com,,[],63ec0b6d-8d17-4988-8914-5359dcd65d83,bdf5edc6-86dd-4930-8b73-9abf230c282e,true,AwsApiCall,492383393326,Management
CloudTrail,ASIAXFJCWKYXJMHK2UG7,2021-02-25T22:46:27Z,cloudtrail.amazonaws.com,GetEventSelectors,eu-west-1,109.77.89.116,console.amazonaws.com,,[],b68c7947-4e55-4959-ba91-96f29d785e05,bee07c50-6397-48e4-8931-e97bdace4fad,true,AwsApiCall,492383393326,Management
CloudTrail,ASIAXFJCWKYXJMHK2UG7,2021-02-25T22:46:27Z,lambda.amazonaws.com,ListFunctions20150331,eu-west-1,109.77.89.116,console.amazonaws.com,,[],2ebd4132-94d4-44a0-95ce-cfd06f44de26,cd0cf0f9-5af1-45dd-bdee-64e352488015,true,AwsApiCall,492383393326,Management
CloudTrail,ASIAXFJCWKYXJMHK2UG7,2021-02-25T22:46:15Z,cloudtrail.amazonaws.com,ListTags,eu-west-1,109.77.89.116,console.amazonaws.com,,[],710e31d0-f934-4f02-9ca8-ce1b9a93443f,55121423-7cf2-4e82-9068-a66b0f2ddb21,true,AwsApiCall,492383393326,Management
CloudTrail,ASIAXFJCWKYXJMHK2UG7,2021-02-25T22:46:15Z,cloudtrail.amazonaws.com,GetTrailStatus,eu-west-1,109.77.89.116,console.amazonaws.com,,[],d2ab1f5c-cbb7-4627-8295-5d70d7acb70e,6430cd46-f813-4d32-9206-948a504a7c87,true,AwsApiCall,492383393326,Management
CloudTrail,ASIAXFJCWKYXJMHK2UG7,2021-02-25T22:46:15Z,cloudtrail.amazonaws.com,GetInsightSelectors,eu-west-1,109.77.89.116,console.amazonaws.com,InsightNotEnabledException,[],7a12b65d-e117-4ed6-a802-32bf84df05e3,845f21c6-cfe9-4136-8ad3-862862a91c03,true,AwsApiCall,492383393326,Management
CloudTrail,ASIAXFJCWKYXJMHK2UG7,2021-02-25T22:46:15Z,cloudtrail.amazonaws.com,DescribeTrails,eu-west-1,109.77.89.116,console.amazonaws.com,,[],3e76773b-42f6-4f9f-a46f-3fd884dd8454,e43c729d-3333-449a-94f0-489e33df1369,true,AwsApiCall,492383393326,Management
CloudTrail,ASIAXFJCWKYXJMHK2UG7,2021-02-25T22:46:15Z,cloudtrail.amazonaws.com,GetEventSelectors,eu-west-1,109.77.89.116,console.amazonaws.com,,[],6e9455de-60d9-4941-aa37-aaddfc6c4fdc,f4e350f3-885f-4268-89a1-86b81124a528,true,AwsApiCall,492383393326,Management
CloudTrail,ASIAXFJCWKYXJMHK2UG7,2021-02-25T22:46:11Z,cloudtrail.amazonaws.com,GetTrailStatus,eu-west-1,109.77.89.116,console.amazonaws.com,,[],3a42c951-edd7-468a-a7cf-62fa161086a2,0a859b8e-f78d-4e10-8f7d-9b05e2d2cd3c,true,AwsApiCall,492383393326,Management
CloudTrail,ASIAXFJCWKYXJMHK2UG7,2021-02-25T22:46:11Z,cloudtrail.amazonaws.com,DescribeTrails,eu-west-1,109.77.89.116,console.amazonaws.com,,[],a3691206-528c-4e94-b167-2589233134e9,6bf20edd-97d7-4442-976a-b95c5777031a,true,AwsApiCall,492383393326,Management
CloudTrail,ASIAXFJCWKYXJMHK2UG7,2021-02-25T22:46:10Z,cloudtrail.amazonaws.com,CreateTrail,eu-west-1,109.77.89.116,console.amazonaws.com,,"[{""resourceType"":""AWS::CloudTrail::Trail"",""resourceName"":""Udacity_Trail""},{""resourceType"":""AWS::CloudTrail::Trail"",""resourceName"":""arn:aws:cloudtrail:eu-west-1:492383393326:trail/Udacity_Trail""},{""resourceType"":""AWS::S3::Bucket"",""resourceName"":""aws-cloudtrail-logs-492383393326-14f178ad""}]",d2bc9818-bb10-43bb-92de-4cfa4f9c4789,03a8c777-fcdf-4828-a24c-bc7f7ca15f7d,false,AwsApiCall,492383393326,Management
CloudTrail,ASIAXFJCWKYXJMHK2UG7,2021-02-25T22:46:10Z,s3.amazonaws.com,PutBucketPolicy,eu-west-1,109.77.89.116,"[AWSCloudTrail, aws-internal/3 aws-sdk-java/1.11.952 Linux/4.9.230-0.1.ac.223.84.332.metal1.x86_64 OpenJDK_64-Bit_Server_VM/25.282-b08 java/1.8.0_282 vendor/Oracle_Corporation]",,"[{""resourceType"":""AWS::S3::Bucket"",""resourceName"":""aws-cloudtrail-logs-492383393326-14f178ad""}]",FAA7C2981B32447B,0682a067-3fda-407a-b15b-315786ce620c,false,AwsApiCall,492383393326,Management
CloudTrail,ASIAXFJCWKYXJMHK2UG7,2021-02-25T22:46:10Z,s3.amazonaws.com,PutBucketPublicAccessBlock,eu-west-1,109.77.89.116,"[AWSCloudTrail, aws-internal/3 aws-sdk-java/1.11.952 Linux/4.9.230-0.1.ac.223.84.332.metal1.x86_64 OpenJDK_64-Bit_Server_VM/25.282-b08 java/1.8.0_282 vendor/Oracle_Corporation]",,"[{""resourceType"":""AWS::S3::Bucket"",""resourceName"":""aws-cloudtrail-logs-492383393326-14f178ad""}]",86503EF500EB884C,5f68f767-2942-44cb-ad00-8b2006e888c8,false,AwsApiCall,492383393326,Management
CloudTrail,ASIAXFJCWKYXJMHK2UG7,2021-02-25T22:46:10Z,cloudtrail.amazonaws.com,StartLogging,eu-west-1,109.77.89.116,console.amazonaws.com,,"[{""resourceType"":""AWS::CloudTrail::Trail"",""resourceName"":""Udacity_Trail""}]",ca6e83ad-96f5-4972-ac51-8a2bc460fcba,bc0a5e64-83f0-4cf1-a6d9-ee61abd005b6,false,AwsApiCall,492383393326,Management
CloudTrail,ASIAXFJCWKYXJMHK2UG7,2021-02-25T22:46:09Z,s3.amazonaws.com,CreateBucket,eu-west-1,109.77.89.116,"[AWSCloudTrail, aws-internal/3 aws-sdk-java/1.11.952 Linux/4.9.230-0.1.ac.223.84.332.metal1.x86_64 OpenJDK_64-Bit_Server_VM/25.282-b08 java/1.8.0_282 vendor/Oracle_Corporation]",,"[{""resourceType"":""AWS::S3::Bucket"",""resourceName"":""aws-cloudtrail-logs-492383393326-14f178ad""}]",FX6TDZDJ6N1GDZ4T,dacf4b39-2f5f-421c-aba2-c0cbc655db15,false,AwsApiCall,492383393326,Management
CloudTrail,ASIAXFJCWKYXJMHK2UG7,2021-02-25T22:45:42Z,cloudtrail.amazonaws.com,DescribeTrails,eu-west-1,109.77.89.116,console.amazonaws.com,,[],2f9dd652-a7b7-411b-a79b-ee1271e6003c,335eb650-739f-47f9-baf4-35d075b3901a,true,AwsApiCall,492383393326,Management
CloudTrail,ASIAXFJCWKYXJMHK2UG7,2021-02-25T22:45:42Z,s3.amazonaws.com,ListBuckets,eu-west-1,109.77.89.116,"[AWSCloudTrail, aws-internal/3 aws-sdk-java/1.11.946 Linux/4.9.230-0.1.ac.223.84.332.metal1.x86_64 OpenJDK_64-Bit_Server_VM/25.282-b08 java/1.8.0_282 vendor/Oracle_Corporation]",,[],06F4BCF2CCEBD2DC,cf923063-798a-4ff9-a991-2f19df76d6d8,true,AwsApiCall,492383393326,Management
CloudTrail,ASIAXFJCWKYXFCD7EOH6,2021-02-25T22:45:03Z,iam.amazonaws.com,ChangePassword,us-east-1,AWS Internal,AWS Internal,,[],4d9a6f3e-f42a-4447-bb31-e73b63eaa08e,c5c5d9d6-5b53-4c74-a869-de67a5fb1fd0,false,AwsApiCall,492383393326,Management
CloudTrail,,2021-02-25T22:44:44Z,signin.amazonaws.com,ConsoleLogin,us-east-1,109.77.89.116,"Mozilla/5.0 (Windows NT 10.0; Win64; x64) AppleWebKit/537.36 (KHTML, like Gecko) Chrome/88.0.4324.190 Safari/537.36",,[],,6941568a-1ff1-4919-bf52-18da87a017e6,false,AwsConsoleSignIn,492383393326,Management
CloudTrail,ASIAXFJCWKYXERKRG4CN,2021-01-24T12:53:37Z,logs.amazonaws.com,CreateLogStream,eu-west-1,cloudtrail.amazonaws.com,cloudtrail.amazonaws.com,,[],69e4403d-e326-4547-85d4-b800690b8bd4,b3c7a59b-8353-4dc2-89b8-ddc9c6bbd2c3,false,AwsApiCall,492383393326,Management